{"song_time": [8.827918767929077, 7.490089178085327, 7.14640998840332], "words_len_list": [512, 512, 512], "ave token time:": 65.46081834601947, "ave song time": 7.821472644805908}